{
    "total_runtime": 107.1712498664856,
    "num_documents": 1,
    "input_load_time": 0,
    "workflows": {
        "create_base_text_units": {
            "overall": 40.99137997627258,
            "0_orderby": 0.005384922027587891,
            "1_zip": 0.0024268627166748047,
            "2_aggregate_override": 0.0071680545806884766,
            "3_chunk": 40.94119119644165,
            "4_select": 0.0033876895904541016,
            "5_unroll": 0.007862091064453125,
            "6_rename": 0.0023391246795654297,
            "7_genid": 0.002875089645385742,
            "8_unzip": 0.0031130313873291016,
            "9_copy": 0.00251007080078125,
            "10_filter": 0.011105060577392578
        },
        "create_base_extracted_entities": {
            "overall": 44.578556060791016,
            "0_entity_extract": 44.545406103134155,
            "1_merge_graphs": 0.02990579605102539
        },
        "create_summarized_entities": {
            "overall": 4.242964029312134,
            "0_summarize_descriptions": 4.2395148277282715
        },
        "create_base_entity_graph": {
            "overall": 0.03202509880065918,
            "0_cluster_graph": 0.024051189422607422,
            "1_select": 0.004208803176879883
        },
        "create_final_entities": {
            "overall": 3.410214900970459,
            "0_unpack_graph": 0.009522199630737305,
            "1_rename": 0.0047149658203125,
            "2_select": 0.004703044891357422,
            "3_dedupe": 0.006490945816040039,
            "4_rename": 0.005026102066040039,
            "5_filter": 0.012885808944702148,
            "6_text_split": 0.006309986114501953,
            "7_drop": 0.0057179927825927734,
            "8_merge": 0.01240396499633789,
            "9_text_embed": 3.3127331733703613,
            "10_drop": 0.007817983627319336,
            "11_filter": 0.017724037170410156
        },
        "create_final_nodes": {
            "overall": 0.14711570739746094,
            "0_layout_graph": 0.02810811996459961,
            "1_unpack_graph": 0.012035846710205078,
            "2_unpack_graph": 0.012925863265991211,
            "3_filter": 0.016431093215942383,
            "4_drop": 0.007767915725708008,
            "5_select": 0.007216215133666992,
            "6_rename": 0.007525920867919922,
            "7_convert": 0.027329206466674805,
            "8_join": 0.01385498046875,
            "9_rename": 0.007719993591308594
        },
        "create_final_communities": {
            "overall": 0.23838496208190918,
            "0_unpack_graph": 0.03119206428527832,
            "1_unpack_graph": 0.0218658447265625,
            "2_aggregate_override": 0.014760971069335938,
            "3_join": 0.012868165969848633,
            "4_join": 0.012505769729614258,
            "5_concat": 0.009239912033081055,
            "6_filter": 0.0249178409576416,
            "7_aggregate_override": 0.011568069458007812,
            "8_join": 0.012194156646728516,
            "9_filter": 0.02193903923034668,
            "10_fill": 0.009765863418579102,
            "11_merge": 0.010892868041992188,
            "12_copy": 0.009783029556274414,
            "13_select": 0.010350942611694336
        },
        "join_text_units_to_entity_ids": {
            "overall": 0.04375004768371582,
            "0_select": 0.010313987731933594,
            "1_unroll": 0.011723041534423828,
            "2_aggregate_override": 0.012154340744018555
        },
        "create_final_relationships": {
            "overall": 0.15125107765197754,
            "0_unpack_graph": 0.01625800132751465,
            "1_filter": 0.024958372116088867,
            "2_rename": 0.011274099349975586,
            "3_filter": 0.024843931198120117,
            "4_drop": 0.011865854263305664,
            "5_compute_edge_combined_degree": 0.014719963073730469,
            "6_convert": 0.024299144744873047,
            "7_convert": 0.011924028396606445
        },
        "join_text_units_to_relationship_ids": {
            "overall": 0.0649871826171875,
            "0_select": 0.012682914733886719,
            "1_unroll": 0.013414144515991211,
            "2_aggregate_override": 0.014574766159057617,
            "3_select": 0.012918949127197266
        },
        "create_final_community_reports": {
            "overall": 11.203662157058716,
            "0_prepare_community_reports_nodes": 0.027920961380004883,
            "1_prepare_community_reports_edges": 0.014583110809326172,
            "2_restore_community_hierarchy": 0.015816211700439453,
            "3_prepare_community_reports": 0.044078826904296875,
            "4_create_community_reports": 11.067931175231934,
            "5_window": 0.020995140075683594
        },
        "create_final_text_units": {
            "overall": 0.1249992847442627,
            "0_select": 0.014541864395141602,
            "1_rename": 0.01425623893737793,
            "2_join": 0.01741504669189453,
            "3_join": 0.017904996871948242,
            "4_aggregate_override": 0.03263998031616211,
            "5_select": 0.015195846557617188
        },
        "create_base_documents": {
            "overall": 0.1708531379699707,
            "0_unroll": 0.016112804412841797,
            "1_select": 0.01630687713623047,
            "2_rename": 0.016164064407348633,
            "3_join": 0.018251895904541016,
            "4_aggregate_override": 0.01694488525390625,
            "5_join": 0.020296096801757812,
            "6_rename": 0.016659975051879883,
            "7_convert": 0.0351109504699707
        },
        "create_final_documents": {
            "overall": 0.03176999092102051,
            "0_rename": 0.01641392707824707
        }
    }
}